{"loss": [0.8858356475830078, 0.883473813533783, 0.8829059600830078, 0.8847597241401672, 0.8798732757568359, 0.8749178051948547, 0.8667423129081726, 0.8703036904335022, 0.8645519614219666, 0.86806321144104, 0.869767427444458, 0.8656296730041504, 0.8642778396606445, 0.8685839772224426, 0.8703314661979675, 0.8670714497566223, 0.8670662045478821, 0.8656773567199707, 0.8668708205223083, 0.8706511855125427, 0.8692061305046082, 0.8633544445037842, 0.867453396320343, 0.8662093281745911, 0.8638134002685547, 0.8689289689064026, 0.8672478795051575, 0.8654115796089172, 0.8653602004051208, 0.8651449680328369, 0.8660159707069397, 0.8675127029418945, 0.8759065270423889, 0.8678441047668457, 0.8605135083198547, 0.8694887161254883, 0.8674208521842957, 0.8696755766868591, 0.863835871219635, 0.86515873670578, 0.8696820735931396, 0.8685824275016785, 0.864655077457428, 0.865539014339447, 0.8639671206474304, 0.8664886355400085, 0.8741020560264587, 0.8722535967826843, 0.8673099875450134, 0.8725159168243408], "accuracy": [0.1329488605260849, 0.13221783936023712, 0.1324392408132553, 0.129710853099823, 0.1353515386581421, 0.1386578381061554, 0.13568338751792908, 0.12983421981334686, 0.13551801443099976, 0.13198114931583405, 0.1302589476108551, 0.13440577685832977, 0.13574577867984772, 0.1314363330602646, 0.12968307733535767, 0.13293950259685516, 0.13294601440429688, 0.13433262705802917, 0.13313624262809753, 0.1293550580739975, 0.13080070912837982, 0.13665354251861572, 0.13255152106285095, 0.13379672169685364, 0.13619135320186615, 0.13107508420944214, 0.13275688886642456, 0.13459192216396332, 0.13464348018169403, 0.13485826551914215, 0.13398684561252594, 0.1324899047613144, 0.1240958422422409, 0.13215838372707367, 0.13948939740657806, 0.1305140107870102, 0.132581427693367, 0.13032610714435577, 0.13616633415222168, 0.13484318554401398, 0.13031931221485138, 0.13141891360282898, 0.1353463977575302, 0.13446256518363953, 0.1360343098640442, 0.13351260125637054, 0.12589894235134125, 0.1277475208044052, 0.13269101083278656, 0.12748494744300842], "binary_accuracy": [0.8709558248519897, 0.8679923415184021, 0.8675945997238159, 0.8702934980392456, 0.8646485209465027, 0.5981953144073486, 0.14667081832885742, 0.13000711798667908, 0.13559553027153015, 0.1320280134677887, 0.13029688596725464, 0.13443517684936523, 0.13577120006084442, 0.13145947456359863, 0.12970486283302307, 0.13295941054821014, 0.13295964896678925, 0.13434068858623505, 0.13314326107501984, 0.12936154007911682, 0.1308055818080902, 0.1366550177335739, 0.1325530707836151, 0.1337977796792984, 0.13619209825992584, 0.13107536733150482, 0.1327567845582962, 0.13459190726280212, 0.13464348018169403, 0.13485826551914215, 0.13398684561252594, 0.1324899047613144, 0.1240958422422409, 0.13215838372707367, 0.13948939740657806, 0.1305140107870102, 0.132581427693367, 0.13032610714435577, 0.13616633415222168, 0.13484318554401398, 0.13031931221485138, 0.13141891360282898, 0.1353463977575302, 0.13446256518363953, 0.1360343098640442, 0.13351260125637054, 0.12589894235134125, 0.1277475208044052, 0.13269101083278656, 0.12748494744300842], "jacc_loss": [0.8858356475830078, 0.883473813533783, 0.8829059600830078, 0.8847597241401672, 0.8798732757568359, 0.8749178051948547, 0.8667423129081726, 0.8703036904335022, 0.8645519614219666, 0.86806321144104, 0.869767427444458, 0.8656296730041504, 0.8642778396606445, 0.8685839772224426, 0.8703314661979675, 0.8670714497566223, 0.8670662045478821, 0.8656773567199707, 0.8668708205223083, 0.8706511855125427, 0.8692061305046082, 0.8633544445037842, 0.867453396320343, 0.8662093281745911, 0.8638134002685547, 0.8689289689064026, 0.8672478795051575, 0.8654115796089172, 0.8653602004051208, 0.8651449680328369, 0.8660159707069397, 0.8675127029418945, 0.8759065270423889, 0.8678441047668457, 0.8605135083198547, 0.8694887161254883, 0.8674208521842957, 0.8696755766868591, 0.863835871219635, 0.86515873670578, 0.8696820735931396, 0.8685824275016785, 0.864655077457428, 0.865539014339447, 0.8639671206474304, 0.8664886355400085, 0.8741020560264587, 0.8722535967826843, 0.8673099875450134, 0.8725159168243408], "binary_crossentropy": [0.7089787721633911, 0.7121882438659668, 0.7149796485900879, 0.7212526798248291, 0.7375628352165222, 0.8690410256385803, 6.5832695960998535, 22.877744674682617, 31.642581939697266, 37.19717788696289, 40.9702262878418, 44.482017517089844, 48.81636428833008, 53.60024642944336, 57.77525329589844, 59.71451950073242, 63.03535079956055, 67.26178741455078, 69.23564147949219, 73.39269256591797, 75.93787384033203, 78.29742431640625, 80.47476959228516, 84.74945831298828, 87.5582046508789, 91.0785903930664, 93.68791961669922, 97.4609146118164, 99.87434387207031, 102.01205444335938, 105.84292602539062, 107.41619110107422, 110.81208038330078, 111.76824188232422, 113.3608627319336, 117.20442962646484, 119.802001953125, 124.93901062011719, 125.9369888305664, 130.02572631835938, 132.1863250732422, 133.3019256591797, 135.96820068359375, 138.00245666503906, 141.73731994628906, 144.0884552001953, 146.59983825683594, 149.7801971435547, 150.0367889404297, 153.61865234375], "dice_coef": [0.17535655200481415, 0.18086493015289307, 0.17939245700836182, 0.1783675104379654, 0.18402338027954102, 0.19385868310928345, 0.21078753471374512, 0.207331582903862, 0.21378491818904877, 0.21089667081832886, 0.20754294097423553, 0.21276551485061646, 0.21597172319889069, 0.20824675261974335, 0.20785950124263763, 0.21084775030612946, 0.2117576003074646, 0.2108084112405777, 0.21341444551944733, 0.20784102380275726, 0.20774288475513458, 0.2158309817314148, 0.21104057133197784, 0.21330314874649048, 0.2157343178987503, 0.20955578982830048, 0.2111683338880539, 0.21196334064006805, 0.21384656429290771, 0.2135094255208969, 0.21350152790546417, 0.21052582561969757, 0.20024968683719635, 0.21136492490768433, 0.21953098475933075, 0.20813323557376862, 0.21254770457744598, 0.2087373584508896, 0.21566464006900787, 0.2136787623167038, 0.20861361920833588, 0.21043020486831665, 0.2148638516664505, 0.21261274814605713, 0.2135658711194992, 0.21239648759365082, 0.2031075805425644, 0.20455454289913177, 0.211562380194664, 0.2036554366350174], "jacc_coef": [0.11416443437337875, 0.11652621626853943, 0.11709409952163696, 0.11524026840925217, 0.12012669444084167, 0.12508223950862885, 0.13325761258602142, 0.12969620525836945, 0.13544799387454987, 0.13193677365779877, 0.13023258745670319, 0.13437046110630035, 0.13572213053703308, 0.1314159780740738, 0.12966865301132202, 0.13292847573757172, 0.13293378055095673, 0.13432271778583527, 0.13312916457653046, 0.12934879958629608, 0.1307939738035202, 0.13664557039737701, 0.132546529173851, 0.13379071652889252, 0.1361865997314453, 0.13107095658779144, 0.13275198638439178, 0.1345883458852768, 0.1346399486064911, 0.13485519587993622, 0.13398392498493195, 0.1324872225522995, 0.12409338355064392, 0.1321558654308319, 0.13948659598827362, 0.1305112987756729, 0.13257922232151031, 0.13032446801662445, 0.13616420328617096, 0.1348412036895752, 0.13031795620918274, 0.13141760230064392, 0.13534490764141083, 0.13446111977100372, 0.1360328197479248, 0.13351137936115265, 0.12589798867702484, 0.12774647772312164, 0.1326902061700821, 0.12748390436172485], "sensitivity": [0.0872395858168602, 0.072265625, 0.08203125, 0.080078125, 0.0748697891831398, 0.38145843148231506, 0.9808264374732971, 0.9989740252494812, 0.9996424317359924, 0.999914824962616, 0.9999290108680725, 0.9999291896820068, 0.999947726726532, 0.9999566674232483, 0.9999380707740784, 0.9999681115150452, 0.9999380111694336, 0.9999882578849792, 0.9999857544898987, 0.9999900460243225, 0.9999945759773254, 0.9999961256980896, 0.9999993443489075, 0.9999992251396179, 0.9999995231628418, 0.9999997019767761, 0.9999998211860657, 1.0, 1.0, 1.0, 1.0, 1.0, 1.0, 1.0, 1.0, 1.0, 1.0, 1.0, 1.0, 1.0, 1.0, 1.0, 1.0, 1.0, 1.0, 1.0, 1.0, 1.0, 1.0, 1.0],