{"loss": [9.797411918640137, 9.541420936584473, 7.01654577255249, 5.888458251953125, 5.755403995513916, 5.761068820953369, 5.678593158721924, 5.603442668914795, 5.5398688316345215, 5.309842109680176, 5.245819091796875, 5.095280170440674, 4.958613872528076, 4.854182720184326, 4.820158004760742, 4.717295169830322, 4.4874348640441895, 4.35705041885376, 4.226973533630371, 4.599654674530029, 4.330702304840088, 4.081614017486572, 4.3982720375061035, 4.081407070159912, 4.189984321594238, 4.164770603179932, 4.077316761016846, 4.169765949249268, 4.143370151519775, 4.333890914916992, 4.037445545196533, 3.9969491958618164, 3.7371461391448975, 3.9294910430908203, 3.9782402515411377, 3.975315809249878, 3.826298713684082, 4.026567459106445, 3.9427692890167236, 3.7527806758880615, 3.8607900142669678, 3.81453800201416, 3.952822685241699, 3.870861291885376, 3.986187696456909, 3.9298858642578125, 3.8004348278045654, 3.7155349254608154, 3.612203359603882, 3.6283533573150635], "accuracy": [0.8678694367408752, 0.8698088526725769, 0.8690935373306274, 0.8661617040634155, 0.8655315041542053, 0.8681569695472717, 0.8664103150367737, 0.8696824312210083, 0.8656066656112671, 0.8660072088241577, 0.8731503486633301, 0.8661840558052063, 0.8686265349388123, 0.8627644777297974, 0.8538694381713867, 0.8519384860992432, 0.855302095413208, 0.855474054813385, 0.8600643873214722, 0.8459046483039856, 0.8459011912345886, 0.8566727638244629, 0.8511403203010559, 0.8601692914962769, 0.8547975420951843, 0.8561067581176758, 0.859125554561615, 0.8573775291442871, 0.8545033931732178, 0.8496235013008118, 0.8648979663848877, 0.8567028641700745, 0.8686055541038513, 0.8602758646011353, 0.8601371049880981, 0.8605898022651672, 0.8630982637405396, 0.8648087382316589, 0.8610693216323853, 0.8685721755027771, 0.8614327907562256, 0.8641498684883118, 0.8647084832191467, 0.8620263934135437, 0.8610230684280396, 0.8665096163749695, 0.8651759624481201, 0.8681418895721436, 0.8735557198524475, 0.8673723340034485], "binary_accuracy": [0.8693388104438782, 0.869809091091156, 0.8690935373306274, 0.8661617040634155, 0.8655315041542053, 0.8681569695472717, 0.8664103150367737, 0.8696824312210083, 0.8656066656112671, 0.8660072088241577, 0.8731503486633301, 0.8661840558052063, 0.8686265349388123, 0.8627644777297974, 0.8562533855438232, 0.8661578297615051, 0.866095781326294, 0.8559183478355408, 0.8614657521247864, 0.8477004766464233, 0.8471365571022034, 0.8573490381240845, 0.8518712520599365, 0.8608472943305969, 0.8554359674453735, 0.8566768169403076, 0.8598800897598267, 0.8580674529075623, 0.8550201654434204, 0.8502762913703918, 0.8652353882789612, 0.8571895360946655, 0.8690785765647888, 0.8607387542724609, 0.8606921434402466, 0.8611307740211487, 0.863610029220581, 0.8654347658157349, 0.8615758419036865, 0.8691567182540894, 0.8619962334632874, 0.8648032546043396, 0.8651239275932312, 0.8625849485397339, 0.8614916801452637, 0.8668820261955261, 0.8656625151634216, 0.8685691356658936, 0.8739296197891235, 0.8678587675094604], "jacc_loss": [0.884713888168335, 0.8859388828277588, 0.9217402935028076, 0.963122546672821, 0.9480192065238953, 0.9522106647491455, 0.9480154514312744, 0.9452510476112366, 0.9400752186775208, 0.9299539923667908, 0.9335992932319641, 0.922099769115448, 0.9203958511352539, 0.9098027348518372, 0.8980658650398254, 0.90372234582901, 0.890635073184967, 0.8719446063041687, 0.8683794140815735, 0.8823210597038269, 0.8501708507537842, 0.8365516066551208, 0.8681607842445374, 0.8452329039573669, 0.8469340801239014, 0.8478994369506836, 0.8439955711364746, 0.8546831011772156, 0.843229353427887, 0.8590447902679443, 0.8428494334220886, 0.8277960419654846, 0.8106167316436768, 0.8235188126564026, 0.8337778449058533, 0.8287935256958008, 0.8135943412780762, 0.8446151614189148, 0.82744961977005, 0.8185268044471741, 0.8162004947662354, 0.8103514313697815, 0.833432137966156, 0.8207029700279236, 0.832021176815033, 0.8409627079963684, 0.8110807538032532, 0.8000125885009766, 0.8047142624855042, 0.7885444760322571], "binary_crossentropy": [0.6841843724250793, 0.6519275307655334, 0.5236852765083313, 0.6602841019630432, 0.517835259437561, 0.5293220281600952, 0.5207613706588745, 0.5083720088005066, 0.553749680519104, 0.6883284449577332, 1.070372462272644, 1.4746975898742676, 2.0247902870178223, 2.4808924198150635, 2.480015754699707, 2.1227049827575684, 2.378143548965454, 2.0970048904418945, 3.458552360534668, 10.253125190734863, 9.980958938598633, 9.00780200958252, 8.282200813293457, 6.8984880447387695, 5.706333637237549, 5.806217670440674, 5.0984344482421875, 6.061190605163574, 10.570052146911621, 9.91907024383545, 8.904787063598633, 7.585880756378174, 6.129065990447998, 6.205057144165039, 5.884060859680176, 5.544795513153076, 5.872843265533447, 5.039582252502441, 5.047346115112305, 4.753438472747803, 4.798120498657227, 3.907618761062622, 5.987097263336182, 4.462977886199951, 6.7058186531066895, 7.571789741516113, 5.820272445678711, 5.167962551116943, 4.797934532165527, 4.969908714294434], "dice_coef": [0.17664583027362823, 0.1737438589334488, 0.11531852930784225, 0.05594709515571594, 0.07451269030570984, 0.0694776251912117, 0.07111947238445282, 0.07329457253217697, 0.07312675565481186, 0.06738656759262085, 0.0540621280670166, 0.05432392656803131, 0.04934867098927498, 0.05517663434147835, 0.05927100405097008, 0.05871258303523064, 0.06282704323530197, 0.08321020007133484, 0.08126890659332275, 0.05946590006351471, 0.07320549339056015, 0.07461477071046829, 0.06484869867563248, 0.07848992943763733, 0.08698327094316483, 0.08016479760408401, 0.0858604833483696, 0.08331048488616943, 0.07301812618970871, 0.07620439678430557, 0.08033788949251175, 0.09359124302864075, 0.09543921798467636, 0.09937063604593277, 0.09861309081315994, 0.10262126475572586, 0.1005888283252716, 0.09682358056306839, 0.11133419722318649, 0.10385849326848984, 0.10993728786706924, 0.13248898088932037, 0.0962701216340065, 0.11738363653421402, 0.10056942701339722, 0.09329725056886673, 0.1082901656627655, 0.11501156538724899, 0.11321083456277847, 0.1209474503993988], "jacc_coef": [0.11528614908456802, 0.11406120657920837, 0.07825973629951477, 0.03687747195363045, 0.05198080837726593, 0.04778927564620972, 0.05198461934924126, 0.05474882945418358, 0.05992472171783447, 0.07004594802856445, 0.06640065461397171, 0.07790029793977737, 0.07960404455661774, 0.09019730240106583, 0.10193398594856262, 0.09627760201692581, 0.10936488956212997, 0.12805533409118652, 0.1316206306219101, 0.11767885833978653, 0.1498291939496994, 0.1634484827518463, 0.13183923065662384, 0.15476714074611664, 0.15306603908538818, 0.1521005630493164, 0.15600435435771942, 0.14531688392162323, 0.15677060186862946, 0.14095522463321686, 0.15715058147907257, 0.17220403254032135, 0.18938331305980682, 0.1764811873435974, 0.1662222295999527, 0.17120635509490967, 0.18640567362308502, 0.155384823679924, 0.17255038022994995, 0.1814732402563095, 0.18379952013492584, 0.1896485686302185, 0.1665678322315216, 0.1792970448732376, 0.16797874867916107, 0.1590372771024704, 0.1889192909002304, 0.19998736679553986, 0.1952856183052063, 0.21145547926425934],